2024-09-10 17:30:11,perintah,id,"unityu8 - passsword: /unityU8 login
video - untuk download video yt
audio - untuk download audio yt
hoax - untuk deteksi berita hoax
encrypt - untuk enskripsi/backup: Encrypt
decrypt - untuk deskrip/revoke: Decrypt
encrypt_login - mmebuat login
decrypt_login - hapus login
note - menyimpan note
gambar - untuk generate ide desain
ustad - untuk konsultasi kehidupan pribadi anda
karier - untuk menebak karier dan pasangan
domain - untuk pointing domain
jarak - untuk prediksi perjalan anda
konsul - untuk konsultasi kesehatan
cuaca - untuk prediksi cuaca
trading - untuk prediksi treding
vpn - untuk deploy bot python
ytsub - untuk menambahkan subtitle ke yt
ide - untuk mengenerate sebuah ide kreatif
materi - untuk membuat materi belajar sebanyak banyaknya
convert - untuk convert file
logo - untuk membuat logo text
bg - untuk menghapus bg gambar
kebaikan - save momen 'kebaikan' untuk load momen
baca - untuk mengubah teks menjadi googlevoice
desain - untuk mengenerate desain prompt
gacha2 - untuk mendapatkan domain dari pesan text atau kebalikan dari gacha yang asli
filter - untuk memberikan filter dengan reply pada gambar
quote - untuk menghasilkan quote
endgame - akhiri hostingan game
game - untuk hosting zip html atau php
kode - untuk menganalisis dan merapikan beberapa kata
host - untuk mengecek kualitas bug
belajar - untuk mengetahui apa yang harus di pelajari secara spesifik
nama - membuat nama unik dari huruf dan abjad
jadwal - untuk membuat jadwal harian random
acak - untuk mengacak ringkas suatu kalimat
artikan - untuk terjemahkan media/pesan
terjemahkan - untuk menerjemahkan pesan
ddos - untuk fitur banned wa
video - untuk menghasilkan link video
koding - untuk memembantu membuat skrip sebanyak mungkin
yt - untuk mendownload video dari youtube
unduh - untuk mengunduh link berisikan video
pdf - untuk mengubah dengan reply pesan ke pdf
warna - untuk menghasilkan pallet warna untuk mendesain gambar
apk - generate random ide apk
newapk - generate random link for new apk
ipinfo - untuk mengetahui lokasi dan domain dari list ip yang diberikan
ai_gambar - untuk membuat gambar dengan deepai
gombal - untuk membuat gombal bikin sagne
bypass - untuk melaukan bypass 1 dan 2
tulis - untuk menulis dengan /tulis namafile lalu textnya
ai_image - untuk membuat gambar dengan ai
gambarin - untuk mneghasilkan gambar dari ai 1.txt hinggah seterusnya
photo - untuk mendownload url ke referensi foto.png
help - untuk melihat bantuan
start - untuk memulai ulang 
upload - yakni untuk mengupload file tersebut
keyword - untuk update database untuk generate ai prompt nya
my_id - untuk melihat id user bot kamu
link - untuk mengecek link penipuan
update - yakni untuk menulis secara otomatis ke file pdf output_novel.pdf
write - yakni untuk menulis ke dalam output.html
ai - untuk menulis dengan open ai
chat - untuk melakukan chatting dengan ai 
dnsinfo - untuk mendapatkan info seputar hosting domain tersebut
dork - untuk menjejahi domain dan url dengan dua katakunci misal: google/.com
dorking - untuk mendapatkan link misal free /ai untuk cara memakainya
scan - untuk scanning domain dan url 
payment - untuk melakukan pembayaran dengan password
saldo - untuk melihat sisa saldo
cek_saldo - untuk melihat saldo user kamu
cek_harga - untuk cek harga barang di google
berbagi - untuk berbagi saldo ke yang lain
reset_saldo - untuk mereset saldo nya ke nilai tertentu
topup - untuk melakukan top-up
blokir_koin - yakni untuk mengganti penggunaan saldo kamu 
ai_chat - untuk chatan dengan ai workers dan dork eng
hitung - untuk menjawab perhitungan matematika
coding - yakni untuk menjawab error saat coding
artikel - untuk pembuatan artikel dengan menggunakan openai
ai_prompt - yakni untuk mengisi prompt sebelum di ubah ke prompt 
help - untuk meihat  tata cara penggunaan
download - untuk download file txt, pdf dan html
lukis -  untuk membuat gambar dengan ai
resize - untuk mengubah gambar ke hd
gacha - untuk melakukan gacha bug ke ip menggunakan pesan text"
2024-11-12 04:45:08,misalnya,id,okok
